{"frame": 9570, "running": true, "stats": {"active": 0, "delivered": 1, "god_mode": 0}, "slots_deployed": 0, "fleets": [{"id": "CX-9842", "slot": 0, "prio": 1, "fuel": 88.84, "start": [19.026217, 72.834552], "dest": [19.069518, 72.869195], "zone": "Bandra", "start_zone": "Dadar", "route": [[19.02606, 72.83455], [19.02606, 72.8346], [19.02604, 72.83466], [19.02601, 72.83473], [19.02596, 72.83487], [19.0259, 72.835], [19.02546, 72.83576], [19.02543, 72.8358], [19.02584, 72.83602], [19.02617, 72.8362], [19.02657, 72.83642], [19.02699, 72.83664], [19.02775, 72.83704], [19.02794, 72.83714], [19.02832, 72.83735], [19.02836, 72.83737], [19.02869, 72.83754], [19.02928, 72.83786], [19.02938, 72.8379], [19.02942, 72.83796], [19.02982, 72.83816], [19.03029, 72.8384], [19.03075, 72.83858], [19.0309, 72.83862], [19.03109, 72.83864], [19.03114, 72.83865], [19.03131, 72.83866], [19.0314, 72.83866], [19.03174, 72.83867], [19.03185, 72.83866], [19.03208, 72.83866], [19.03215, 72.83866], [19.03225, 72.83866], [19.03231, 72.83865], [19.03237, 72.83862], [19.03242, 72.83862], [19.03268, 72.8386], [19.03295, 72.83859], [19.03298, 72.83859], [19.03321, 72.83861], [19.03336, 72.83863], [19.03348, 72.83864], [19.03366, 72.83867], [19.03374, 72.83868], [19.03379, 72.83874], [19.0341, 72.83878], [19.03447, 72.83886], [19.03478, 72.83892], [19.03495, 72.83896], [19.03513, 72.83897], [19.03572, 72.83901], [19.03587, 72.83901], [19.03579, 72.83936], [19.03574, 72.83958], [19.03569, 72.83977], [19.03584, 72.83986], [19.0359, 72.83995], [19.03594, 72.84009], [19.03621, 72.84015], [19.03631, 72.84017], [19.03645, 72.84018], [19.03654, 72.84018], [19.03668, 72.84018], [19.03686, 72.84013], [19.03693, 72.84009], [19.03707, 72.83996], [19.03708, 72.83996], [19.03715, 72.83993], [19.03729, 72.83989], [19.03742, 72.83987], [19.03759, 72.83987], [19.03779, 72.83987], [19.03803, 72.83988], [19.03839, 72.83993], [19.03889, 72.84006], [19.03968, 72.84024], [19.03984, 72.84028], [19.03986, 72.84028], [19.03995, 72.84028], [19.0407, 72.84032], [19.04077, 72.84033], [19.04123, 72.84035], [19.04148, 72.84037], [19.04183, 72.84038], [19.04188, 72.84039], [19.04192, 72.8404], [19.04197, 72.84046], [19.0421, 72.84038], [19.04254, 72.84017], [19.04272, 72.84009], [19.04317, 72.83989], [19.04333, 72.83982], [19.04396, 72.8395], [19.04421, 72.83938], [19.04426, 72.83936], [19.04452, 72.83922], [19.04457, 72.83919], [19.04461, 72.83916], [19.04466, 72.83913], [19.04475, 72.83908], [19.04485, 72.83903], [19.04492, 72.839], [19.04552, 72.83869], [19.04576, 72.83857], [19.04593, 72.8385], [19.04609, 72.83843], [19.04631, 72.83836], [19.04648, 72.83831], [19.04655, 72.83829], [19.04672, 72.83826], [19.04719, 72.83823], [19.04793, 72.83823], [19.04797, 72.83823], [19.04802, 72.83823], [19.04816, 72.83823], [19.04847, 72.83822], [19.04871, 72.83822], [19.04974, 72.83821], [19.04981, 72.83821], [19.04997, 72.83821], [19.05009, 72.83821], [19.05013, 72.83833], [19.05029, 72.8387], [19.05041, 72.83896], [19.05057, 72.83936], [19.05083, 72.83999], [19.05093, 72.84026], [19.05099, 72.8404], [19.05102, 72.84057], [19.05104, 72.84071], [19.05104, 72.84085], [19.05119, 72.84127], [19.0513, 72.84151], [19.05135, 72.84165], [19.05147, 72.84193], [19.05149, 72.84197], [19.05164, 72.84233], [19.05195, 72.84308], [19.05207, 72.84324], [19.05224, 72.84354], [19.05243, 72.84397], [19.05252, 72.84425], [19.05254, 72.84451], [19.05254, 72.84465], [19.05254, 72.84485], [19.05254, 72.84502], [19.05255, 72.84515], [19.05254, 72.84539], [19.05256, 72.84557], [19.05263, 72.84585], [19.05275, 72.84635], [19.05281, 72.84683], [19.05284, 72.84707], [19.05285, 72.84715], [19.05288, 72.84734], [19.05294, 72.84752], [19.05305, 72.84772], [19.05323, 72.84801], [19.05341, 72.84832], [19.05355, 72.84853], [19.05379, 72.8488], [19.05438, 72.84934], [19.05471, 72.84962], [19.05505, 72.84995], [19.0552, 72.85011], [19.05566, 72.85068], [19.05572, 72.85076], [19.05576, 72.85081], [19.0558, 72.85087], [19.05592, 72.85103], [19.05656, 72.85177], [19.0572, 72.85246], [19.05781, 72.8531], [19.0584, 72.85375], [19.05901, 72.85446], [19.05946, 72.85492], [19.05952, 72.85498], [19.05958, 72.85505], [19.05962, 72.85509], [19.0597, 72.85519], [19.05972, 72.85523], [19.05976, 72.8553], [19.0598, 72.85544], [19.05984, 72.85563], [19.05988, 72.85605], [19.0599, 72.85643], [19.05991, 72.85662], [19.05993, 72.85671], [19.05994, 72.85674], [19.05997, 72.85681], [19.06002, 72.85689], [19.06007, 72.85698], [19.06025, 72.8573], [19.06027, 72.85734], [19.0603, 72.8574], [19.06039, 72.85756], [19.0605, 72.85777], [19.06053, 72.85789], [19.06059, 72.85816], [19.06063, 72.85838], [19.06066, 72.85849], [19.06068, 72.85859], [19.06072, 72.85874], [19.06077, 72.85884], [19.06079, 72.85886], [19.0608, 72.85888], [19.06084, 72.85891], [19.06092, 72.85897], [19.06108, 72.85904], [19.06128, 72.8591], [19.06158, 72.85917], [19.06221, 72.85931], [19.06227, 72.85933], [19.06247, 72.85938], [19.06261, 72.85941], [19.06252, 72.85963], [19.06243, 72.85988], [19.06213, 72.86065], [19.0621, 72.86073], [19.06191, 72.86126], [19.06188, 72.86133], [19.06149, 72.86242], [19.06116, 72.86329], [19.06113, 72.86336], [19.06086, 72.86409], [19.06086, 72.86415], [19.06089, 72.86422], [19.06094, 72.86425], [19.06106, 72.86431], [19.06165, 72.86453], [19.06263, 72.86493], [19.06271, 72.86497], [19.0628, 72.865], [19.06365, 72.86533], [19.0641, 72.8655], [19.06562, 72.86612], [19.06617, 72.86638], [19.06624, 72.86643], [19.06621, 72.86646], [19.06618, 72.86651], [19.06611, 72.86657], [19.06605, 72.86665], [19.066, 72.86676], [19.06594, 72.86694], [19.06579, 72.8674], [19.06577, 72.86751], [19.06578, 72.86758], [19.06582, 72.86765], [19.06587, 72.8677], [19.06636, 72.86822], [19.06693, 72.86886], [19.06701, 72.86895], [19.0674, 72.86939], [19.06747, 72.86949], [19.06752, 72.86957], [19.06791, 72.8702], [19.06844, 72.87106], [19.06847, 72.87111], [19.06858, 72.87128], [19.06876, 72.87157], [19.06884, 72.87171], [19.06897, 72.87188], [19.06898, 72.87189], [19.06902, 72.87192], [19.07002, 72.87232], [19.07025, 72.87236], [19.07046, 72.87235], [19.07053, 72.87234], [19.07066, 72.8723], [19.0708, 72.87219], [19.07084, 72.87213], [19.07089, 72.87207], [19.07094, 72.87192], [19.0709, 72.8718], [19.07084, 72.87158], [19.07061, 72.87101], [19.07056, 72.8709], [19.06992, 72.86983], [19.06984, 72.8697], [19.06952, 72.86919]], "current_step": 279, "progress": 0.20399999999999974, "status": "Delivered", "color": "delivered", "reroutes": 0, "swap_cooldown": 0, "eta": 0, "dist_km": 8.383, "straight_km": 6.0, "straight_eta": 14, "time_saved_mins": -11, "road_overhead_pct": 40, "cur_lat": 19.069518, "cur_lon": 72.869195, "traffic_ratio": 0.78, "custom": true}]}